data_min,data_max,scale,min
123.04681396484375,285.9224548339844,0.006139653509043941,-0.7554648031359299
125.64566841125489,277.2545684814453,0.006595918838122497,-0.8287486312022888
125.9140557861328,272.7462603759766,0.00681049503270326,-0.8575370514789786
17.910419304353454,81.7181937634483,0.015672071443912663,-0.28069337092825986
17910600.0,318679900.0,3.324807418842282e-09,-0.059549295755916574
