data_min,data_max,scale,min
123.04680633544922,285.9224548339844,0.006139653221451294,-0.7554647209067343
125.64566574096679,277.2545684814453,0.006595918721948557,-0.8287485989925332
125.91405746459961,272.74626098632814,0.006810495082245483,-0.8575370691482308
17.910418647923876,81.71828725540293,0.015672048319802175,-0.2806929464781489
17910600.0,318679900.0,3.324807418842282e-09,-0.059549295755916574
