data_min,data_max,scale,min
123.04680633544922,285.9224548339844,0.006139653221451294,-0.7554647209067343
125.64566955566406,277.2545684814453,0.006595918887911329,-0.8287486450064699
125.9140545654297,272.7462603759766,0.0068104949760835806,-0.8575370360361728
17.910419304322176,81.71835256057089,0.01567203244123363,-0.28069267237343415
17910600.0,318679900.0,3.324807418842282e-09,-0.059549295755916574
