data_min,data_max,scale,min
113.44017791748047,286.19000244140625,0.005788717891643939,-0.6566731875421908
