data_min,data_max,scale,min
123.04681396484375,285.9224548339844,0.006139653509043941,-0.7554648031359299
125.26370010375976,277.2545684814453,0.006579342632052588,-0.8241528023413168
125.91405731201172,272.74626098632814,0.006810495075168023,-0.8575370672178799
17.910418648142638,81.6947427781096,0.01567783328647333,-0.28079655765652334
17910600.0,318679900.0,3.324807418842282e-09,-0.059549295755916574
