data_min,data_max,scale,min
123.04680633544922,285.9224548339844,0.006139653221451294,-0.7554647209067343
125.26370086669922,277.2545684814453,0.006579342665078521,-0.8241528114979075
125.9140576171875,272.7462603759766,0.0068104951176327835,-0.8575370746431884
17.910419319513153,81.6948290363231,0.015677812249729996,-0.2807961914052641
17910600.0,318679900.0,3.324807418842282e-09,-0.059549295755916574
