data_min,data_max,scale,min
10.420000076293945,180.6999969482422,0.005872680399166363,-0.061193330207363464
