data_min,data_max,scale,min
13.414674758911133,22.920000076293945,0.10520418466596355,-1.411279920570327
