data_min,data_max,scale,min
82.74610900878906,343.4482421875,0.0038357952342281043,-0.3173971305868323
88.13109703063965,332.61935272216795,0.0040901760175413235,-0.36047169947432967
91.65328674316406,321.4967364501953,0.0043507874654450445,-0.39876397112899864
24.851688421659446,88.48915675312307,0.01571401292696586,-0.39051975311488435
9701400.0,127490100.0,8.489778730896937e-09,-0.08236273937992354
