data_min,data_max,scale,min
82.74609375,343.4482421875,0.0038357950097205936,-0.3173970534801224
88.13109741210937,332.61935272216795,0.004090176023923136,-0.3604717015970441
91.6532861328125,321.4967370605469,0.004350787442337926,-0.39876396635564537
24.851688341168042,88.48912264762959,0.015714021328770998,-0.3905199606490842
9701400.0,127490100.0,8.489778730896937e-09,-0.08236273937992354
