data_min,data_max,scale,min
82.74609375,343.4482421875,0.0038357950097205936,-0.3173970534801224
88.13109703063965,332.61935272216795,0.0040901760175413235,-0.36047169947432967
91.65328643798829,321.4967370605469,0.004350787448114706,-0.39876396821286125
24.851688341377226,88.48910888665581,0.015714024726827057,-0.3905200450998014
8976855.0,127490100.0,8.437875445904801e-09,-0.07574558438594774
