data_min,data_max,scale,min
82.74610137939453,343.4482421875,0.003835795121974346,-0.3173970920334762
88.13109588623047,332.61935272216795,0.004090175998395885,-0.36047169310618615
91.65328598022461,321.4967364501953,0.004350787451003095,-0.39876396648595913
24.851688422495158,88.4891160362412,0.015714022981406534,-0.3905200029978436
9701400.0,127490100.0,8.489778730896937e-09,-0.08236273937992354
