data_min,data_max,scale,min
82.7461166381836,343.4482421875,0.0038357953464818696,-0.3173971691401906
88.13109855651855,332.61935272216795,0.004090176043068576,-0.36047170796518774
91.65328674316406,321.4967364501953,0.0043507874654450445,-0.39876397112899864
24.851688422495144,88.48911603620981,0.01571402298141428,-0.3905200029980359
9701400.0,127490100.0,8.489778730896937e-09,-0.08236273937992354
