data_min,data_max,scale,min
82.80435943603516,338.25,0.003914727210815701,-0.32415647905841066
