data_min,data_max,scale,min
93.78977966308594,332.90625,0.004182062400766473,-0.3922347111051637
99.40578804016113,321.2385711669922,0.004507899986217359,-0.448111350536168
104.01559463500976,313.08328125,0.004783139930378411,-0.49752114408076964
21.581926012515595,87.12512216074762,0.015257113762630786,-0.32927790038963106
3220500.0,43931300.0,2.4563506489678414e-08,-0.07910677265000933
