data_min,data_max,scale,min
93.7897720336914,332.90625,0.004182062267331068,-0.3922346666836835
99.40578727722168,321.2385757446289,0.004507899877690646,-0.44811133630872996
104.01559295654297,313.0832824707031,0.004783139864049964,-0.4975211291532354
21.58193837438894,87.12524060604089,0.015257089068623145,-0.32927755605158787
3220500.0,43931300.0,2.4563506489678414e-08,-0.07910677265000933
