data_min,data_max,scale,min
93.78975677490234,332.90625,0.004182062000460285,-0.3922345778407316
99.40578765869141,321.2385711669922,0.00450789997846545,-0.44811134804595615
104.0155924987793,313.08328125,0.0047831398815048175,-0.4975211287792646
21.581948439920893,87.12526620266001,0.015257085453316683,-0.32927763159694773
3220500.0,43931300.0,2.4563506489678414e-08,-0.07910677265000933
