data_min,data_max,scale,min
93.78976440429688,332.90625,0.004182062133895673,-0.3922346222622062
99.40578994750976,321.2385757446289,0.004507899931954001,-0.448111353740213
104.01559341430664,313.0832824707031,0.0047831398745228765,-0.4975211324321292
21.581915595349273,87.12519970513429,0.01525709328701015,-0.329277299550623
3220500.0,43931300.0,2.4563506489678414e-08,-0.07910677265000933
