data_min,data_max,scale,min
93.78975677490234,332.90625,0.004182062000460285,-0.3922345778407316
99.40578918457031,321.2385711669922,0.004507900009473083,-0.44811135800680385
104.01559341430664,313.08328125,0.004783139902450643,-0.49752113533705244
21.58191727099839,87.12515188799236,0.015257104807896087,-0.3292775737589651
3220500.0,43931300.0,2.4563506489678414e-08,-0.07910677265000933
