data_min,data_max,scale,min
88.21771240234375,788.1489868164062,0.0014287116986408926,-0.12603767773656627
103.03444175720215,762.4568481445312,0.0015164786490628036,-0.15624953104290204
111.92983489990235,752.1571960449219,0.0015619451162030037,-0.17482825897931098
21.934221191798784,86.47598855736601,0.015493842837243034,-0.33984537590305597
4726100.0,232316600.0,4.393856509827959e-09,-0.020765805251097915
