data_min,data_max,scale,min
88.21772766113281,788.1489868164062,0.0014287117297873948,-0.12603770228465036
103.03444213867188,762.4568511962891,0.0015164786429219222,-0.15624953098867045
111.92983428955078,752.1571948242188,0.0015619451176920615,-0.17482825819264533
21.93418974357907,86.47593000303348,0.015493849344316598,-0.3398450313766684
4726100.0,232316600.0,4.393856509827959e-09,-0.020765805251097915
