data_min,data_max,scale,min
88.21771240234375,788.1489868164062,0.0014287116986408926,-0.12603767773656627
103.03443984985351,762.4568450927734,0.00151647865169461,-0.15624952842161527
111.92983505249023,752.1572021484375,0.001561945101684689,-0.17482825759261234
21.93418214896691,86.47598828474969,0.015493833530103019,-0.33984456683505065
4726100.0,232316600.0,4.393856509827959e-09,-0.020765805251097915
