data_min,data_max,scale,min
88.21771240234375,788.1489868164062,0.0014287116986408926,-0.12603767773656627
103.03444061279296,762.4568481445312,0.0015164786464309974,-0.15624952903626327
111.92983474731446,752.157197265625,0.0015619451128526234,-0.17482825836596957
21.93419843768193,86.47594604126712,0.015493847581289409,-0.3398451274112001
4726100.0,232316600.0,4.393856509827959e-09,-0.020765805251097915
