data_min,data_max,scale,min
88.21771240234375,788.1489868164062,0.0014287116986408926,-0.12603767773656627
103.0344394683838,762.4568481445312,0.001516478643799191,-0.1562495270296245
111.92983322143554,752.1571960449219,0.0015619451121080944,-0.17482825589929546
21.93420165229847,86.47591253288753,0.015493856396991643,-0.3398453705833693
4726100.0,232316600.0,4.393856509827959e-09,-0.020765805251097915
