data_min,data_max,scale,min
208.18389892578125,539.8252563476562,0.0030153054726763705,-0.6277380497540126
225.4556396484375,519.582894897461,0.00339988893294961,-0.766524134111798
230.43084594726562,512.3146173095703,0.003547561447639006,-0.8174675854293624
22.29275909542349,81.7426661255693,0.01682088416879981,-0.37498391854707697
5855900.0,128855300.0,8.130120959939642e-09,-0.047609175329310555
