data_min,data_max,scale,min
208.1839141845703,539.8251953125,0.0030153061663462,-0.627738240174823
225.45564804077148,519.5828857421875,0.003399889135786712,-0.7665242083755717
230.43085174560548,512.3146142578125,0.003547561559019189,-0.8174676316647598
22.292759110929396,81.74268274696021,0.01682087947029641,-0.3749838140652955
5855900.0,128855300.0,8.130120959939642e-09,-0.047609175329310555
