data_min,data_max,scale,min
208.1839141845703,539.8251953125,0.0030153061663462,-0.627738240174823
225.4556442260742,519.5828857421875,0.003399889091691688,-0.7665241854645518
230.4308529663086,512.3146142578125,0.0035475615743819737,-0.8174676395353389
22.292759110682667,81.7427356784022,0.016820864493712607,-0.3749834801917703
5855900.0,128855300.0,8.130120959939642e-09,-0.047609175329310555
