data_min,data_max,scale,min
208.18389892578125,539.8252563476562,0.0030153054726763705,-0.6277380497540126
225.45565338134764,519.582894897461,0.0033998890916916874,-0.766524216591466
230.43085144042968,512.3146173095703,0.003547561516771533,-0.8174676208469664
22.292759095649387,81.7426725331659,0.016820882355884796,-0.3749838781359991
5855900.0,128855300.0,8.130120959939642e-09,-0.047609175329310555
