data_min,data_max,scale,min
208.18392944335938,539.8251953125,0.003015306305080204,-0.6277383150669338
225.45565338134764,519.5828857421875,0.003399889197519747,-0.7665242404510003
230.43085205078125,512.3146142578125,0.003547561562859885,-0.8174676336324045
22.292759110979475,81.74267081171509,0.016820882847293217,-0.37498388934871424
5855900.0,128855300.0,8.130120959939642e-09,-0.047609175329310555
