data_min,data_max,scale,min
11.212295532226562,207.01727294921875,0.00510712247048945,-0.05726256645840274
12.200950145721436,193.3732681274414,0.00551960703014739,-0.06734445019880186
12.995444736480714,187.2874560546875,0.005737497619293,-0.07456133323721184
26.372647937226674,89.17133081938923,0.01592390085436078,-0.41995543101935995
65528500.0,1543911000.0,6.764149332124805e-10,-0.04432445595101403
