data_min,data_max,scale,min
11.212296485900879,207.01727294921875,0.005107122495363851,-0.057262571607833435
12.200950479507446,193.3732681274414,0.005519607040316535,-0.06734445216524271
12.995444946289062,187.2874560546875,0.005737497626199655,-0.07456133453074179
26.37268432965189,89.17129335197387,0.01592391958306826,-0.4199565044550211
65528500.0,1543911000.0,6.764149332124805e-10,-0.04432445595101403
