data_min,data_max,scale,min
11.212296485900879,207.01727294921875,0.005107122495363851,-0.057262571607833435
12.200949811935425,193.3732681274414,0.005519607019978245,-0.06734444823236102
12.995444507598878,187.28745635986328,0.0057374976017124215,-0.07456133169553542
26.372664860914,89.17133933761299,0.01592390298573966,-0.41995575672061985
65528500.0,1543911000.0,6.764149332124805e-10,-0.04432445595101403
