data_min,data_max,scale,min
11.212297439575195,207.01727294921875,0.005107122520238252,-0.05726257675726417
12.200949954986573,193.3732681274414,0.0055196070243364505,-0.06734444907512138
12.995444507598878,187.28745635986328,0.0057374976017124215,-0.07456133169553542
26.37267153673264,89.1712973515674,0.01592391532497153,-0.41995618844421734
65528500.0,1543911000.0,6.764149332124805e-10,-0.04432445595101403
