data_min,data_max,scale,min
11.212295532226562,207.01727294921875,0.00510712247048945,-0.05726256645840274
12.200950002670288,193.3732681274414,0.005519607025789185,-0.0673444493560415
12.995444622039795,187.2874560546875,0.005737497615525733,-0.07456133253165004
26.372650917077266,89.1711915974656,0.015923936912634263,-0.41995642942246453
65528500.0,1543911000.0,6.764149332124805e-10,-0.04432445595101403
