data_min,data_max,scale,min
11.212904930114746,207.02847290039062,0.005106846255205799,-0.057262581552335136
