data_min,data_max,scale,min
3577.030029296875,6978.60009765625,0.0002939818906868245,-1.0515820510562426
