data_min,data_max,scale,min
108.0999984741211,489.8800048828125,0.002619309506033982,-0.2831473536055243
